Name,Hometown,Location
A'Keria C. Davenport,"Dallas, TX, USA","Katy, TX, USA"
Acacia Forgot,"San Jose, CA, USA[3]","Los Angeles, CA, USA[2]"
Acid Betty,"Brooklyn, NY, USA",Not Found
Adore Delano,"Azusa, CA, USA[citation needed]","Azusa, CA, USA"
Aiden Zhane,"Cohoctah, MI, USA","Acworth, GA, USA"
Aja,"Bedford-Stuyvesant, NY, USA","Brooklyn, NY, USA"
Akashia,Not Found,"Cleveland, OH, USA[2]"
Alaska,"Erie, PA, USA[1]","Los Angeles, CA, USA"
Alexis Mateo,"Florida, Puerto Rico","Las Vegas, NV, USA"
Alexis Michelle,"SoHo, New York City, NY, USA[1]",Not Found
A'Keria C. Davenport,"Dallas, TX, USA","Katy, TX, USA"
Acacia Forgot,"San Jose, CA, USA[3]","Los Angeles, CA, USA[2]"
Acid Betty,"Brooklyn, NY, USA",Not Found
Adore Delano,"Azusa, CA, USA[citation needed]","Azusa, CA, USA"
Aiden Zhane,"Cohoctah, MI, USA","Acworth, GA, USA"
Aja,"Bedford-Stuyvesant, NY, USA","Brooklyn, NY, USA"
Akashia,Not Found,"Cleveland, OH, USA[2]"
Alaska,"Erie, PA, USA[1]","Los Angeles, CA, USA"
Alexis Mateo,"Florida, Puerto Rico","Las Vegas, NV, USA"
Alexis Michelle,"SoHo, New York City, NY, USA[1]",Not Found
Alisa Summers,"Tampa, FL, USA[citation needed]",Not Found
Alyssa Edwards,"Mesquite, TX, USA","Dallas, TX, USA"
Alyssa Hunter,"San Juan, Puerto Rico[2]","Cataño, Puerto Rico[3]"
Amanda Tori Meating,"Ohio, USA[1]","New York City, NY, USA"
Amethyst,"Bristol, CT, USA[1]","West Hartford, CT, USA[2]"
Anetra,"Las Vegas, NV, USA","Las Vegas, NV, USA"
Angeria Paris VanMicheals,"Atlanta, GA, USA[3]","Los Angeles, CA, USA[4]"
April Carrión,"Guaynabo, Puerto Rico","Los Angeles, CA, USA[2]"
Aquaria,"West Chester, PA, USA[2]","Brooklyn, New York City, NY, USA"
Ariel Versace,"Cherry Hill, NJ, USA","Los Angeles, CA, USA"
Arrietty,"Hesperia, CA, USA[4]","Seattle, WA, USA[3]"
Asia O'Hara,"Grand Prairie, TX, USA[citation needed]","Dallas, TX, USA"
Aura Mayari,"Chicago, IL, USA[1]","Nashville, TN, USA"
BeBe Zahara Benet,"Yaoundé, Cameroon","Minneapolis, MN, USA"
BenDeLaCreme,"Litchfield, CT, USA","Los Angeles, CA, USA"
Bianca Del Rio,"Gretna, LA, USA[2]","Los Angeles, CA, USA"
Blair St. Clair,"Indianapolis, IN, USA","New York City, NY, USA"
Bob The Drag Queen,"Atlanta, GA, USA[1]New York City, NY, USA[1]","Los Angeles, CA, USA"
Bosco,"Great Falls, MT, USA[2]","Seattle, WA, USA[3]"
Brita,"Dover-Foxcroft, ME, USA","Manhattan, NY, USA"
Brooke Lynn Hytes,"Etobicoke, Toronto, ON, Canada[4]","Chicago, IL, USA[5]"
Carmen Carrera,"Elmwood Park, NJ, USA[citation needed]","Los Angeles, CA, USA"
Chad Michaels,"Encinitas, CA, USA[citation needed]","San Diego, CA, USA"
Charlie Hides,"Boston, MA, USA[1]","London, England, UK"
Chi Chi DeVayne,"Shreveport, LA, USA[3]",Not Found
Coco Montrese,"Miami, FL, USA[citation needed]","Las Vegas, NV, USA"
Courtney Act,"Brisbane, QLD, Australia","London, England, UKBondi, NSW, Australia"
Crystal Envy,Not Found,"Asbury Park, NJ, USA[3]"
Crystal Methyd,"Springfield, MO, USA[1]","Los Angeles, CA, USA"
Cynthia Lee Fontaine,"San Juan, PR, USA","Austin, TX, USA"
Dahlia Sin,"Phoenix, AZ, USABrooklyn, NY, USA","Los Angeles, CA, USA"
Darienne Lake,"Long Island, NY, USA","Rochester, NY, USA"
Dawn,"Raleigh, NC, USA[2]","New York City, NY, USA"
Dax ExclamationPoint,"Savannah, GA, USA","Washington, D.C., USA"
Daya Betty,"Springfield, MO, USA[1]","Chicago, IL, USA[1]"
DeJa Skye,"Fresno, CA, USA[citation needed]","Las Vegas, NV, USA"
Delta Work,"Norwalk, CA, USA[citation needed]","Norwalk, CA, USA"
Denali,"Fairbanks, AK, USA","Chicago, IL, USA"
Derrick Barry,"Modesto, CA, USA[citation needed]","Las Vegas, NV, USA"
Detox,"Orlando, FL, USA","Chicago, IL, USA"
Dida Ritz,"Lansing, MI, USA[citation needed]","Chicago, IL, USA"
Dusty Ray Bottoms,"Floyds Knobs, IN, USA","New York City, NY, USA"
Elliott with 2 Ts,"Ennis, TX, USA","Las Vegas, NV, USA"
Eureka!,"Johnson City, TN, USA","Los Angeles, CA, USA"
Farrah Moan,"Klein, TX, USA","Los Angeles, CA, USA"
Geneva Karr,Not Found,"Brownsville, TX, USA"
Gia Gunn,"Carpentersville, IL, USA[citation needed]","Los Angeles, CA, USA"
Gigi Goode,"Woodstock, IL, USA","Los Angeles, CA, USA"
Ginger Minj,"Leesburg, FL, USA","Orlando, FL, USA"
Gottmik,"Scottsdale, AZ, USA","Los Angeles, CA, USA"
Heidi N Closet,"Ramseur, NC, USA","Los Angeles, CA, USA"
Hershii LiqCour-Jeté,"St. Louis, MO, USA[2]","Los Angeles, CA, USA"
Honey Davenport,"West Philadelphia, PA, USA","Bridge Plaza, NY, USALos Angeles, CA, USA"
Honey Mahogany,"San Francisco, CA, USA",Not Found
Hormona Lisa,Not Found,"Chattanooga, TN, USA[2]"
India Ferrah,"Roanoke, VA, USA","Dayton, OH, USALas Vegas, NV, USA"
Irene Dubois,"Houston, TX, USA[1]","Seattle, WA, USA"
Ivy Winters,"Fenwick, MI, USA","Manhattan NY, USA"
Jackie Cox,"Halifax, NS, Canada","Manhattan, New York City, NY, USA"
Jade,"Chicago, IL, USA[1]","Chicago, IL, USA"
Jade Jolie,"Ft. Myers, FL, USA","Las Vegas, NV, USA[1]"
Jaida Essence Hall,"Milwaukee, WI, USA","West Allis, WI, USA"
Jaidynn Diore Fierce,"Nashville, TN, USA",Not Found
Jan,"Old Bridge, NJ, USA","Manhattan, New York City, NY, USA"
Jasmine Kennedie,"Morgantown, WV, USA[3]","Brooklyn, NY, USA[4]"
Jasmine Masters,"San Diego, CA, USA","Los Angeles, CA, USA"
Jax,"Darien, CT, USA[3]","Queens, New York City, NY, USA"
Jaymes Mansfield,"Milwaukee, WI, USA[1]","Las Vegas, NV, USA"
Jessica Wild,"Caguas, Puerto Rico[1]","Boston, MA, USA"
Jewels Sparkles,Not Found,"Tampa, FL, USA[1]"
Jiggly Caliente,"Sunnyside, Queens, NY, USA[citation needed]","Manila, Metro Manila, Philippines"
Jinkx Monsoon,"Portland, OR, USA[1]","Seattle, WA, USA"
Joella,"Corona, CA, USA[5]","Los Angeles, CA, USA[1]"
Joey Jay,"Madison, WI, USA","Phoenix, AZ, USA"
Jorgeous,"San Antonio, TX, USA[3]","Los Angeles, CA, USA[4]"
Joslyn Fox,"Auburn, MA, USA","Worcester, MA, USA"
Jujubee,"Fresno, CA, USA[4]Lowell, MA, USA[4]","Boston, MA, USA"
June Jambalaya,"Jacksonville, FL, USA[2]","Los Angeles, CA, USA[3]"
Kahanna Montrese,"Panama City Beach, FL, USA","Las Vegas, NV, USA"
Kahmora Hall,"Chicago, IL, USA","Chicago, IL, USA"
Kalorie Karbdashian-Williams,"Roswell, NM, USA","Albuquerque, NM, USA"
Kameron Michaels,"Columbia, TN, USA","Los Angeles, CA, USA"
Kandy Ho,"Cayey, Puerto Rico[citation needed]Connecticut, US[citation needed]","Orlando, FL, USA"
Kandy Muse,"Tremont, NY, USA[citation needed]","Brooklyn, NY, USA[1]"
Katya,"Marlborough, MA, USA[citation needed]","West Hollywood, CA, USA"
Kelly Mantle,"Cordell, OK, USA","Los Angeles, CA, USA"
Kennedy Davenport,"Dallas, TX, USA",Not Found
Kenya Michaels,"Dorado, Puerto Rico[citation needed]",Not Found
Kerri Colby,"Dallas, TX, USA[4]","Los Angeles, CA, USA[5]"
Kim Chi,"Okemos, MI, USA[1]South Korea","Chicago, IL, USALos Angeles, CA, USA"
Kimora Blac,"Elk Grove, CA, USA","Los Angeles, CA, USA"
Kori King,Not Found,"Boston, MA, USA[3]"
"Kornbread ""The Snack"" Jeté","Columbia, SC, USA[3]","Los Angeles, CA, USA[4]"
Kylie Sonique Love,"Albany, GA, USA[citation needed]","Las Vegas, NV, USALos Angeles, CA, USA[specify]"
Lady Camden,"Camden Town, England, UK[2]","Sacramento, CA, USA[3]"
Laganja Estranja,"Dallas, TX, USA[citation needed]","Van Nuys, CA, USA"
Laila McQueen,"Manchester, NH, USA","Chicago, IL, USA[1]"
LaLa Ri,"Atlanta, GA, USA",Not Found
Lana Ja'Rae,"Dallas, TX, USA[4]","New York, NY, USA[5]"
Lashauwn Beyond,"Plantation, FL, USA[citation needed]","Ft. Lauderdale, FL, USA"
Latrice Royale,"Compton, CA, USA[citation needed]","Miami Beach, FL, USA"
Lexi Love,Not Found,"Louisville, KY, USA[5]"
Lineysha Sparx,"San Juan, Puerto Rico","Orlando, FL, USA"
Loosey LaDuca,"Ansonia, CT, USA","New Haven, CT, USA"
Lucky Starzzz,"Miami, FL, USA[3]","Miami, FL, USA[1]"
Luxx Noir London,"East Orange, NJ, USA","East Orange, NJ, USA"
Lydia B Kollins,Not Found,"Pittsburgh, PA, USA[1]"
Madame LaQueer,"Carolina, Puerto Rico[2]","Orange, CA, USA"
Maddy Morphosis,"Fayetteville, AR, USA[2]","Las Vegas, NV, USA[3]"
Magnolia Crawford,"Seattle, WA, USA",Not Found
Malaysia Babydoll Foxx,Not Found,"Miami, FL, USA"
Manila Luzon,"Cottage Grove, MN, USA","Los Angeles, CA, USAManila, Philippines"
Marcia Marcia Marcia,Not Found,"New York, NY, USA"
Mariah Paris Balenciaga,"Gainesville, GA, USA","Los Angeles, CA, USA"
Max,"Hudson, WI, USA","Portsmouth, NH, USA"
Mayhem Miller,"Riverside, CA, USA[1]",Not Found
Megami,"Sunset Park, Brooklyn, NY, USA[4]","Brooklyn, NY, USA"
Mercedes Iman Diamond,"North Minneapolis, MN, USA",Not Found
Mhi'ya Iman Le'Paige,"Miami, FL, USA","Miami, FL, USA[3]"
Milan,"Florence, SC, USA[citation needed]","New York City, NY, USA"
Milk,"Syracuse, NY, USA","Downtown Brooklyn, NY, USA"
Mimi Imfurst,"Portland, ME, USA","Philadelphia, PA, USA"
Mirage,Not Found,"Las Vegas, NV, USA"
Miss Fame,"Templeton, CA, USA","Zürich, ZH, Switzerland"
Mistress Isabelle Brooks,"Houston, TX, USA[2]","Houston, TX, USA"
Miz Cracker,"Seattle, WA, USA","Harlem, New York City, NY, USA"
Mo Heart,"Kansas City, MO, USA","Palm Springs, CA, USA[4]"
Monét X Change,"Brooklyn, NY, USA[2]Saint Lucia[2]","Los Angeles, CA, USA"
Monica Beverly Hillz,"Owensboro, KY, USA[citation needed]","Chicago, IL, USA"
Morgan McMichaels,"West Dunbartonshire, Scotland, UK[citation needed]","Ontario, CA, USA"
Morphine Love Dion,"Hialeah, FL, USA","Miami, FL, USA"
Mrs. Kasha Davis,"Scranton, PA, USA[2]","Rochester, NY, USA"
Mystique Summers,"North Chicago, IL, USA","Fort Worth, TX, USA"
Naomi Smalls,"Redlands, CA, USA","Los Angeles, CA, USA"
Naysha Lopez,"Lake View, IL, USA","Elmwood Park, IL, USA"
Nicky Doll,"Marseille, Provence-Alpes-Côte d'Azur, France[citation needed]","New York City, NY, USA"
Nicole Paige Brooks,"Marietta, GA, USA[citation needed]","Atlanta, GA, USA"
Nina Bo'nina Brown,"Columbia, SC, USA","Atlanta, GA, USA"
Nina Flowers,"Bayamón, Puerto Rico[1]","Dallas, TX, USA[1]"
Nina West,"Greentown, OH, USA","Columbus, OH, USA"
Nymphia Wind,"Taipei City, Taiwan[2]","New York City, NY, USA"
Olivia Lux,"Buena, NJ, USA","New York City, NY, USA"
Ongina,"Seattle, WA, USA","Los Angeles, CA, USA"
Onya Nurve,Not Found,"Cleveland, OH, USA[2]"
Orion Story,"Grand Rapids, MI, USA[3]","Grand Rapids, MI, USA[4]"
Pandora Boxx,"Olean, NY, USA","Los Angeles, CA, USA"
Pearl,"St. Petersburg, FL, USA","Los Angeles, CA, USA"
Penny Tration,"Cincinnati, OH, USA",Not Found
Peppermint,"Wilmington, DE, USA","Manhattan, New York City, NY, USA"
Phi Phi O'Hara,"San Antonio, TX, USA[citation needed]","Chicago, IL, USANew York City, NY, USA"
Phoenix,"Cumming, GA, USA[1]","Atlanta, GA, USABiloxi, MS, USA"
Plane Jane,"Newton, MA, USA[2]","Boston, MA, USA"
Plasma,"Mount Pleasant, TX, USA[1]","New York City, NY, USA"
Plastique Tiara,"Ho Chi Minh City, Vietnam[3]","Dallas, TX, USA[3]"
Princess Poppy,"Charlotte, NC, USA[1]","San Francisco, CA, USA"
Q,"Emporia, KS, USA[1]","Kansas City, MO, USA"
Ra'Jah O'Hara,"Dallas, TX, USA[3]",Not Found
Raja,"Baldwin Park, CA, USA[citation needed]","Los Angeles, CA, USA"
Raven,"Victorville, CA, USA","Riverside, CA, USA"
Rebecca Glasscock,"San Juan, Puerto Rico[1]","Ft. Lauderdale, FL, USA"
Robbie Turner,"Centralia, WA, USA[citation needed]","Seattle, WA, USA"
Robin Fierce,"Hartford, CT, USA[3]","Hartford, CT, USA"
Rock M. Sakura,"San Jose, CA, USA[citation needed]","Los Angeles, CA, USA"
Rosé,"Houston, TX, USA","Manhattan, New York City, NY, USA"
Roxxxy Andrews,"North Miami Beach, FL, USA[2]","Orlando, FL, USA"
Sahara Davenport,"Dallas, TX, USA",Not Found
Salina EsTitties,Not Found,"Los Angeles, CA, USA"
Sam Star,Not Found,"Leeds, AL, USA[2]"
Sapphira Cristál,"Houston, TX, USA[1]","Philadelphia, PA, USA"
Sasha Belle,"Lennox, IA, USA","Iowa City, IA, USA"
Sasha Colby,"Waimānalo, HI, USA[5][6]","Los Angeles, CA, USA"
Sasha Velour,"New Haven, CT, USA[citation needed]Urbana, IL, USA[citation needed]","Brooklyn, NY, USA"
Scarlet Envy,"Louisville, KY, USA","Brooklyn, New York City, NY, USA"
Serena ChaCha,"La Chorrera, Panama[2]","Fort Lauderdale, FL, USA"
Shangela,"Paris, TX, USA","Studio City, CA, USA"
Shannel,"Orange County, CA, USA[2]","Las Vegas, NV, USA"
Sharon Needles,"Newton, IA, USA","Pittsburgh, PA, USA"
Shea Couleé,"Plainfield, IL, USA","Chicago, IL, USA"
Sherry Pie,"Saratoga Springs, NY, USA[3]","New York City, NY, USA"
Shuga Cain,"Magalia, CA, USA","Harlem, NY, USA"
Silky Nutmeg Ganache,"Moss Point, MS, USA","Houston, TX, USA[1]"
Soju,"Cedar Rapids, IA, USA","Chicago, IL, USA"
Spice,"Long Island, NY, USA[2]","Los Angeles, CA, USA"
Stacy Layne Matthews,"Back Swamp, NC, USA","Fayetteville, NC, USA"
Sugar,"Long Island, NY, USA[2]","Los Angeles, CA, USA"
Suzie Toot,Not Found,"Fort Lauderdale, FL, USA[3]"
Symone,"Conway, AR, USA","Los Angeles, CA, USA"
Tamisha Iman,"Birmingham, AL, USA","Atlanta, GA, USA"
Tammie Brown,"Fulton, TX, USA[1]","Long Beach, CA, USA"
Tatianna,"Falls Church, VA, USA[4]","Washington, D.C., USA"
